Keyword,Article Count,Articles
"2026 part",131,"ai-automation-for-e-commerce-2026-part-1; ai-automation-for-e-commerce-2026-part-4; ai-automation-for-e-commerce-2026-part-5; ai-automation-for-e-commerce-2026-part-7; ai-automation-for-e-commerce-2026-part-8"
"content creation",23,"ai-automation-for-e-commerce-2026-part-1; ai-content-creation-tools; ai-tools-for-developers-2026-part-2; ai-tools-for-developers-2026-part-7; ai-tools-for-healthcare-2026-part-7"
"ai writing",23,"ai-automation-for-e-commerce-2026-part-1; ai-tools-for-developers-2026-part-2; ai-tools-for-developers-2026-part-7; ai-tools-for-healthcare-2026-part-7; ai-tools-for-real-estate-2026-part-3"
"content ai",22,"ai-automation-for-e-commerce-2026-part-1; ai-tools-for-developers-2026-part-2; ai-tools-for-developers-2026-part-7; ai-tools-for-healthcare-2026-part-7; ai-tools-for-real-estate-2026-part-3"
"marketing automation",22,"ai-tools-for-developers-2026-part-5; ai-tools-for-fitness-coaches-part-2; ai-tools-for-photographers-2026-part-6; ai-tools-for-remote-teams-part-4; best-ai-for-accounting-2026-part-8"
"design tools",22,"ai-tools-for-photographers-2026-part-1; ai-tools-for-real-estate-2026; best-ai-for-accounting-2026; best-ai-for-e-learning-2026-part-3; best-ai-for-e-learning-2026"
"email marketing",22,"ai-tools-for-photographers-2026-part-7; ai-tools-for-photographers-2026; best-ai-for-accounting-2026-part-5; best-ai-for-email-marketing-2026-part-2; best-ai-for-email-marketing-2026-part-5"
"project management",21,"ai-tools-for-remote-teams-part-7; ai-tools-for-remote-teams; airtable-vs-monday; best-ai-for-email-marketing-2026; best-ai-for-sales-teams-2026-part-4"
"financial tools",20,"ai-tools-for-fitness-coaches-part-3; best-ai-for-e-learning-2026-part-8; best-ai-for-hr-teams-2026-part-2; best-ai-for-legal-services-part-2; best-ai-for-legal-services-part-5"
"data analysis",20,"ai-tools-for-healthcare-2026-part-4; ai-tools-for-photographers-2026-part-3; best-ai-for-customer-support-part-8; best-ai-for-email-marketing-2026-part-2; best-ai-for-market-research-part-6"
"customer service",19,"ai-automation-for-e-commerce-2026-part-4; ai-customer-service-tools; ai-tools-for-fitness-coaches; best-ai-for-customer-support-part-2; best-ai-for-email-marketing-2026-part-8"
"ai support",18,"ai-automation-for-e-commerce-2026-part-4; ai-tools-for-fitness-coaches; best-ai-for-customer-support-part-2; best-ai-for-email-marketing-2026-part-8; best-ai-for-hr-teams-2026-part-5"
"chatbot",18,"ai-automation-for-e-commerce-2026-part-4; ai-tools-for-fitness-coaches; best-ai-for-customer-support-part-2; best-ai-for-email-marketing-2026-part-8; best-ai-for-hr-teams-2026-part-5"
"analytics",17,"ai-tools-for-healthcare-2026-part-4; ai-tools-for-photographers-2026-part-3; best-ai-for-customer-support-part-8; best-ai-for-email-marketing-2026-part-2; best-ai-for-market-research-part-6"
"ai analytics",17,"ai-tools-for-healthcare-2026-part-4; ai-tools-for-photographers-2026-part-3; best-ai-for-customer-support-part-8; best-ai-for-email-marketing-2026-part-2; best-ai-for-market-research-part-6"
"business automation",17,"ai-tools-for-photographers-2026-part-5; ai-tools-for-real-estate-2026-part-6; best-ai-for-content-writers-2026; best-ai-for-e-learning-2026-part-2; best-ai-for-legal-services-part-6"
"ai for business",17,"ai-tools-for-photographers-2026-part-5; ai-tools-for-real-estate-2026-part-6; best-ai-for-content-writers-2026; best-ai-for-e-learning-2026-part-2; best-ai-for-legal-services-part-6"
"2026",16,"ai-tools-ecommerce; ai-tools-freelancers; ai-tools-marketing-teams; ai-voice-generators; airtable-vs-monday"
"ai models",16,"ai-automation-for-e-commerce-2026-part-5; ai-tools-for-healthcare-2026; ai-tools-for-remote-teams-part-3; ai-tools-for-remote-teams-part-8; best-ai-image-generators-2026-part-5"
"email automation",16,"ai-tools-for-photographers-2026-part-7; ai-tools-for-photographers-2026; best-ai-for-accounting-2026-part-5; best-ai-video-editors-2026-part-5; best-ai-voice-generators-2026"
"social media",16,"best-ai-for-content-writers-2026-part-4; best-ai-for-market-research; best-ai-for-social-media-2026-part-7; best-ai-for-social-media-2026; best-ai-scheduling-assistants-part-3"
"ai comparison",15,"ai-automation-for-e-commerce-2026-part-5; ai-tools-for-healthcare-2026; ai-tools-for-remote-teams-part-3; ai-tools-for-remote-teams-part-8; best-ai-image-generators-2026-part-5"
"machine learning",15,"ai-automation-for-e-commerce-2026-part-5; ai-tools-for-healthcare-2026; ai-tools-for-remote-teams-part-3; ai-tools-for-remote-teams-part-8; best-ai-image-generators-2026-part-5"
"ai marketing",15,"ai-tools-for-developers-2026-part-5; ai-tools-for-fitness-coaches-part-2; ai-tools-for-photographers-2026-part-6; ai-tools-for-remote-teams-part-4; best-ai-for-accounting-2026-part-8"
"growth",15,"ai-tools-for-developers-2026-part-5; ai-tools-for-fitness-coaches-part-2; ai-tools-for-photographers-2026-part-6; ai-tools-for-remote-teams-part-4; best-ai-for-accounting-2026-part-8"
"productivity",15,"ai-tools-for-fitness-coaches-part-1; ai-tools-for-fitness-coaches-part-5; ai-tools-for-healthcare-2026-part-3; ai-tools-for-photographers-2026-part-2; ai-tools-for-real-estate-2026-part-8"
"ai design",15,"ai-tools-for-photographers-2026-part-1; ai-tools-for-real-estate-2026; best-ai-for-accounting-2026; best-ai-for-e-learning-2026-part-3; best-ai-for-e-learning-2026"
"graphic design",15,"ai-tools-for-photographers-2026-part-1; ai-tools-for-real-estate-2026; best-ai-for-accounting-2026; best-ai-for-e-learning-2026-part-3; best-ai-for-e-learning-2026"
"team tools",15,"ai-tools-for-remote-teams-part-7; ai-tools-for-remote-teams; best-ai-for-email-marketing-2026; best-ai-for-sales-teams-2026-part-4; best-ai-scheduling-assistants-part-5"
"teams 2026",15,"ai-tools-marketing-teams; best-ai-for-hr-teams-2026-part-2; best-ai-for-hr-teams-2026-part-4; best-ai-for-hr-teams-2026-part-5; best-ai-for-hr-teams-2026-part-6"
"image generation",14,"ai-automation-for-e-commerce-2026-part-8; ai-tools-for-developers-2026; best-ai-for-hr-teams-2026-part-8; best-ai-for-legal-services-part-3; best-ai-for-social-media-2026"
"ai art",14,"ai-automation-for-e-commerce-2026-part-8; ai-tools-for-developers-2026; best-ai-for-hr-teams-2026-part-8; best-ai-for-legal-services-part-3; best-ai-for-social-media-2026"
"visual content",14,"ai-automation-for-e-commerce-2026-part-8; ai-tools-for-developers-2026; best-ai-for-hr-teams-2026-part-8; best-ai-for-legal-services-part-3; best-ai-for-social-media-2026"
"learning platform",14,"ai-automation-for-e-commerce-2026; ai-tools-for-fitness-coaches-part-6; ai-tools-for-real-estate-2026-part-5; ai-tools-for-remote-teams-part-6; best-ai-for-accounting-2026-part-2"
"education",14,"ai-automation-for-e-commerce-2026; ai-tools-for-fitness-coaches-part-6; ai-tools-for-real-estate-2026-part-5; ai-tools-for-remote-teams-part-6; best-ai-for-accounting-2026-part-2"
"training",14,"ai-automation-for-e-commerce-2026; ai-tools-for-fitness-coaches-part-6; ai-tools-for-real-estate-2026-part-5; ai-tools-for-remote-teams-part-6; best-ai-for-accounting-2026-part-2"
"developer tools",14,"ai-tools-for-developers-2026-part-3; ai-tools-for-remote-teams-part-5; best-ai-for-accounting-2026-part-7; best-ai-for-email-marketing-2026-part-6; best-ai-image-generators-2026-part-3"
"ai coding",14,"ai-tools-for-developers-2026-part-3; ai-tools-for-remote-teams-part-5; best-ai-for-accounting-2026-part-7; best-ai-for-email-marketing-2026-part-6; best-ai-image-generators-2026-part-3"
"programming",14,"ai-tools-for-developers-2026-part-3; ai-tools-for-remote-teams-part-5; best-ai-for-accounting-2026-part-7; best-ai-for-email-marketing-2026-part-6; best-ai-image-generators-2026-part-3"
"automation",14,"ai-tools-for-fitness-coaches-part-1; ai-tools-for-fitness-coaches-part-5; ai-tools-for-healthcare-2026-part-3; ai-tools-for-photographers-2026-part-2; ai-tools-for-real-estate-2026-part-8"
"ai workflow",14,"ai-tools-for-fitness-coaches-part-1; ai-tools-for-fitness-coaches-part-5; ai-tools-for-healthcare-2026-part-3; ai-tools-for-photographers-2026-part-2; ai-tools-for-real-estate-2026-part-8"
"accounting",14,"ai-tools-for-fitness-coaches-part-3; best-ai-for-e-learning-2026-part-8; best-ai-for-hr-teams-2026-part-2; best-ai-for-legal-services-part-2; best-ai-for-legal-services-part-5"
"finance",14,"ai-tools-for-fitness-coaches-part-3; best-ai-for-e-learning-2026-part-8; best-ai-for-hr-teams-2026-part-2; best-ai-for-legal-services-part-2; best-ai-for-legal-services-part-5"
"social automation",14,"best-ai-for-content-writers-2026-part-4; best-ai-for-market-research; best-ai-scheduling-assistants-part-3; best-ai-voice-generators-2026-part-5; best-ai-voice-generators-2026-part-7"
"video creation",13,"ai-automation-for-e-commerce-2026-part-7; ai-tools-for-fitness-coaches-part-4; ai-tools-for-photographers-2026-part-4; ai-tools-for-teachers-2026-part-8; best-ai-for-customer-support"
"ai video",13,"ai-automation-for-e-commerce-2026-part-7; ai-tools-for-fitness-coaches-part-4; ai-tools-for-photographers-2026-part-4; ai-tools-for-teachers-2026-part-8; best-ai-for-customer-support"
"video tools",13,"ai-automation-for-e-commerce-2026-part-7; ai-tools-for-fitness-coaches-part-4; ai-tools-for-photographers-2026-part-4; ai-tools-for-teachers-2026-part-8; best-ai-for-customer-support"
"seo",13,"ai-tools-marketing-teams; best-ai-for-content-writers-2026-part-6; best-ai-for-sales-teams-2026-part-3; best-ai-video-editors-2026-part-4; best-free-ai-software-2026"
"best tools",12,"ai-tools-ecommerce; ai-tools-financial-advisors-2026; ai-tools-freelancers; ai-tools-marketing-teams; best-ai-crm-tools"
"generators 2026",12,"ai-voice-generators; best-ai-image-generators-2026-part-3; best-ai-image-generators-2026-part-5; best-ai-image-generators-2026-part-7; best-ai-image-generators-2026"
"tools 2026",12,"best-ai-crm-tools; best-ai-email-tools; best-ai-presentation-tools; best-ai-scheduling-tools; best-ai-seo-tools"
"search optimization",12,"best-ai-for-content-writers-2026-part-6; best-ai-for-sales-teams-2026-part-3; best-ai-video-editors-2026-part-4; best-free-ai-software-2026; how-to-maximize-chatgpt-2026-part-2"
"ranking",12,"best-ai-for-content-writers-2026-part-6; best-ai-for-sales-teams-2026-part-3; best-ai-video-editors-2026-part-4; best-free-ai-software-2026; how-to-maximize-chatgpt-2026-part-2"
"comparison 2026",12,"breakroom-vs-riverside-podcast-tools-2026; deepseek-vs-openai; framer-vs-webflow-design-2026; gamma-vs-tome-presentation-ai-2026; hubspot-vs-salesforce-einstein-2026"
"services part",11,"best-ai-for-legal-services-part-2; best-ai-for-legal-services-part-3; best-ai-for-legal-services-part-4; best-ai-for-legal-services-part-5; best-ai-for-legal-services-part-6"
"chatgpt",10,"ai-tools-for-remote-teams-part-2; ai-tools-for-teachers-2026; best-ai-image-generators-2026-part-7; best-ai-scheduling-assistants; deepseek-vs-openai"
"sales automation",10,"best-ai-crm-tools; best-ai-for-content-writers-2026-part-7; best-ai-for-customer-support-part-1; best-ai-scheduling-assistants-part-7; financial-ai-tools-comparison-part-1"
"tools comparison",10,"breakroom-vs-riverside-podcast-tools-2026; financial-ai-tools-comparison-part-1; financial-ai-tools-comparison-part-2; financial-ai-tools-comparison-part-4; financial-ai-tools-comparison-part-5"
"photographers 2026",9,"ai-tools-for-photographers-2026-part-1; ai-tools-for-photographers-2026-part-2; ai-tools-for-photographers-2026-part-3; ai-tools-for-photographers-2026-part-4; ai-tools-for-photographers-2026-part-5"
"ai tools",9,"ai-tools-for-remote-teams-part-2; ai-tools-for-teachers-2026; best-ai-image-generators-2026-part-7; best-ai-scheduling-assistants; financial-ai-tools-comparison-part-5"
"best ai 2026",9,"ai-tools-for-remote-teams-part-2; ai-tools-for-teachers-2026; best-ai-image-generators-2026-part-7; best-ai-scheduling-assistants; financial-ai-tools-comparison-part-5"
"sales tools",9,"best-ai-for-content-writers-2026-part-7; best-ai-for-customer-support-part-1; best-ai-scheduling-assistants-part-7; financial-ai-tools-comparison-part-1; github-copilot-vs-claude-code"
"crm",9,"best-ai-for-content-writers-2026-part-7; best-ai-for-customer-support-part-1; best-ai-scheduling-assistants-part-7; financial-ai-tools-comparison-part-1; github-copilot-vs-claude-code"
"real estate",8,"ai-real-estate-marketing-2026; ai-tools-for-real-estate-2026-part-3; ai-tools-for-real-estate-2026-part-4; ai-tools-for-real-estate-2026-part-5; ai-tools-for-real-estate-2026-part-6"
"tools fitness",8,"ai-tools-for-fitness-coaches-part-1; ai-tools-for-fitness-coaches-part-2; ai-tools-for-fitness-coaches-part-3; ai-tools-for-fitness-coaches-part-4; ai-tools-for-fitness-coaches-part-5"
"fitness coaches",8,"ai-tools-for-fitness-coaches-part-1; ai-tools-for-fitness-coaches-part-2; ai-tools-for-fitness-coaches-part-3; ai-tools-for-fitness-coaches-part-4; ai-tools-for-fitness-coaches-part-5"
"tools photographers",8,"ai-tools-for-photographers-2026-part-1; ai-tools-for-photographers-2026-part-2; ai-tools-for-photographers-2026-part-3; ai-tools-for-photographers-2026-part-4; ai-tools-for-photographers-2026-part-5"
"tools real",8,"ai-tools-for-real-estate-2026-part-3; ai-tools-for-real-estate-2026-part-4; ai-tools-for-real-estate-2026-part-5; ai-tools-for-real-estate-2026-part-6; ai-tools-for-real-estate-2026-part-8"
"tools remote",8,"ai-tools-for-remote-teams-part-2; ai-tools-for-remote-teams-part-3; ai-tools-for-remote-teams-part-4; ai-tools-for-remote-teams-part-5; ai-tools-for-remote-teams-part-6"
"remote teams",8,"ai-tools-for-remote-teams-part-2; ai-tools-for-remote-teams-part-3; ai-tools-for-remote-teams-part-4; ai-tools-for-remote-teams-part-5; ai-tools-for-remote-teams-part-6"
"best legal",8,"best-ai-for-legal-services-part-2; best-ai-for-legal-services-part-3; best-ai-for-legal-services-part-4; best-ai-for-legal-services-part-5; best-ai-for-legal-services-part-6"
"legal services",8,"best-ai-for-legal-services-part-2; best-ai-for-legal-services-part-3; best-ai-for-legal-services-part-4; best-ai-for-legal-services-part-5; best-ai-for-legal-services-part-6"
"best sales",8,"best-ai-for-sales-teams-2026-part-1; best-ai-for-sales-teams-2026-part-3; best-ai-for-sales-teams-2026-part-4; best-ai-for-sales-teams-2026-part-6; best-ai-for-sales-teams-2026-part-7"
"best scheduling",8,"best-ai-scheduling-assistants-part-3; best-ai-scheduling-assistants-part-4; best-ai-scheduling-assistants-part-5; best-ai-scheduling-assistants-part-6; best-ai-scheduling-assistants-part-7"
"midjourney dall-e",8,"midjourney-vs-dall-e-3-5-2026-part-2; midjourney-vs-dall-e-3-5-2026-part-3; midjourney-vs-dall-e-3-5-2026-part-4; midjourney-vs-dall-e-3-5-2026-part-5; midjourney-vs-dall-e-3-5-2026-part-7"
"dall-e 2026",8,"midjourney-vs-dall-e-3-5-2026-part-2; midjourney-vs-dall-e-3-5-2026-part-3; midjourney-vs-dall-e-3-5-2026-part-4; midjourney-vs-dall-e-3-5-2026-part-5; midjourney-vs-dall-e-3-5-2026-part-7"
"tools part",8,"top-ai-project-management-tools-part-5; top-ai-project-management-tools-part-6; top-ai-project-management-tools-part-8; top-ai-transcription-tools-part-1; top-ai-transcription-tools-part-2"
"tools consultants",8,"top-ai-tools-for-consultants-part-1; top-ai-tools-for-consultants-part-2; top-ai-tools-for-consultants-part-3; top-ai-tools-for-consultants-part-4; top-ai-tools-for-consultants-part-5"
"tools designers",8,"top-ai-tools-for-designers-2026-part-1; top-ai-tools-for-designers-2026-part-2; top-ai-tools-for-designers-2026-part-3; top-ai-tools-for-designers-2026-part-4; top-ai-tools-for-designers-2026-part-5"
"designers 2026",8,"top-ai-tools-for-designers-2026-part-1; top-ai-tools-for-designers-2026-part-2; top-ai-tools-for-designers-2026-part-3; top-ai-tools-for-designers-2026-part-4; top-ai-tools-for-designers-2026-part-5"
"e-commerce 2026",7,"ai-automation-for-e-commerce-2026-part-1; ai-automation-for-e-commerce-2026-part-4; ai-automation-for-e-commerce-2026-part-5; ai-automation-for-e-commerce-2026-part-7; ai-automation-for-e-commerce-2026-part-8"
"teams part",7,"ai-tools-for-remote-teams-part-2; ai-tools-for-remote-teams-part-3; ai-tools-for-remote-teams-part-4; ai-tools-for-remote-teams-part-5; ai-tools-for-remote-teams-part-6"
"agents 2026",7,"ai-tools-real-estate-agents-2026; how-to-build-ai-agents-2026-part-2; how-to-build-ai-agents-2026-part-3; how-to-build-ai-agents-2026-part-5; how-to-build-ai-agents-2026-part-7"
"best voice",7,"ai-voice-generators; best-ai-voice-generators-2026-part-3; best-ai-voice-generators-2026-part-5; best-ai-voice-generators-2026-part-6; best-ai-voice-generators-2026-part-7"
"voice generators",7,"ai-voice-generators; best-ai-voice-generators-2026-part-3; best-ai-voice-generators-2026-part-5; best-ai-voice-generators-2026-part-6; best-ai-voice-generators-2026-part-7"
"2026 which",7,"ai-writing-tools-2026; airtable-vs-monday; chatgpt-vs-claude; deepseek-vs-openai; grammarly-vs-quillbot"
"best accounting",7,"best-ai-for-accounting-2026-part-2; best-ai-for-accounting-2026-part-3; best-ai-for-accounting-2026-part-4; best-ai-for-accounting-2026-part-5; best-ai-for-accounting-2026-part-7"
"accounting 2026",7,"best-ai-for-accounting-2026-part-2; best-ai-for-accounting-2026-part-3; best-ai-for-accounting-2026-part-4; best-ai-for-accounting-2026-part-5; best-ai-for-accounting-2026-part-7"
"best teams",7,"best-ai-for-hr-teams-2026-part-2; best-ai-for-hr-teams-2026-part-4; best-ai-for-hr-teams-2026-part-5; best-ai-for-hr-teams-2026-part-6; best-ai-for-hr-teams-2026-part-7"
"market research",7,"best-ai-for-market-research-part-3; best-ai-for-market-research-part-4; best-ai-for-market-research-part-5; best-ai-for-market-research-part-6; best-ai-for-market-research-part-7"
"sales teams",7,"best-ai-for-sales-teams-2026-part-1; best-ai-for-sales-teams-2026-part-3; best-ai-for-sales-teams-2026-part-4; best-ai-for-sales-teams-2026-part-6; best-ai-for-sales-teams-2026-part-7"
"scheduling assistants",7,"best-ai-scheduling-assistants-part-3; best-ai-scheduling-assistants-part-4; best-ai-scheduling-assistants-part-5; best-ai-scheduling-assistants-part-6; best-ai-scheduling-assistants-part-7"
"deepseek dominance",7,"deepseek-dominance-in-2026-part-3; deepseek-dominance-in-2026-part-4; deepseek-dominance-in-2026-part-5; deepseek-dominance-in-2026-part-6; deepseek-dominance-in-2026-part-7"
"dominance 2026",7,"deepseek-dominance-in-2026-part-3; deepseek-dominance-in-2026-part-4; deepseek-dominance-in-2026-part-5; deepseek-dominance-in-2026-part-6; deepseek-dominance-in-2026-part-7"
"automation guide",7,"marketing-ai-automation-guide-part-3; marketing-ai-automation-guide-part-4; marketing-ai-automation-guide-part-6; marketing-ai-automation-guide-part-7; marketing-ai-automation-guide-part-8"
"consultants part",7,"top-ai-tools-for-consultants-part-1; top-ai-tools-for-consultants-part-2; top-ai-tools-for-consultants-part-3; top-ai-tools-for-consultants-part-4; top-ai-tools-for-consultants-part-5"
"automation e-commerce",6,"ai-automation-for-e-commerce-2026-part-1; ai-automation-for-e-commerce-2026-part-4; ai-automation-for-e-commerce-2026-part-5; ai-automation-for-e-commerce-2026-part-7; ai-automation-for-e-commerce-2026-part-8"
"best customer",6,"ai-customer-service-tools; best-ai-for-customer-support-part-1; best-ai-for-customer-support-part-2; best-ai-for-customer-support-part-6; best-ai-for-customer-support-part-8"
"marketing 2026",6,"ai-real-estate-marketing-2026; best-ai-for-email-marketing-2026-part-2; best-ai-for-email-marketing-2026-part-5; best-ai-for-email-marketing-2026-part-6; best-ai-for-email-marketing-2026-part-8"
"2026 complete",6,"ai-tools-financial-advisors-2026; ai-tools-real-estate-agents-2026; best-ai-for-fitness-coaches-2026; how-to-use-chatgpt-copywriting-2026; notion-ai-vs-copilot"
"coaches part",6,"ai-tools-for-fitness-coaches-part-1; ai-tools-for-fitness-coaches-part-2; ai-tools-for-fitness-coaches-part-3; ai-tools-for-fitness-coaches-part-4; ai-tools-for-fitness-coaches-part-5"
"estate 2026",6,"ai-tools-for-real-estate-2026-part-3; ai-tools-for-real-estate-2026-part-4; ai-tools-for-real-estate-2026-part-5; ai-tools-for-real-estate-2026-part-6; ai-tools-for-real-estate-2026-part-8"
"healthcare",6,"ai-tools-for-teachers-2026-part-7; deepseek-dominance-in-2026-part-7; how-to-use-claude-for-writing-part-5; how-to-use-midjourney-2026-part-4; how-to-use-perplexity-ai-2026"
"medical ai",6,"ai-tools-for-teachers-2026-part-7; deepseek-dominance-in-2026-part-7; how-to-use-claude-for-writing-part-5; how-to-use-midjourney-2026-part-4; how-to-use-perplexity-ai-2026"
"health tech",6,"ai-tools-for-teachers-2026-part-7; deepseek-dominance-in-2026-part-7; how-to-use-claude-for-writing-part-5; how-to-use-midjourney-2026-part-4; how-to-use-perplexity-ai-2026"
"github copilot",6,"best-ai-code-assistants; github-copilot-vs-claude-code-part-1; github-copilot-vs-claude-code-part-2; github-copilot-vs-claude-code-part-6; github-copilot-vs-claude-code-part-8"
"claude code",6,"best-ai-code-assistants; github-copilot-vs-claude-code-part-1; github-copilot-vs-claude-code-part-2; github-copilot-vs-claude-code-part-6; github-copilot-vs-claude-code-part-8"
"copilot claude",6,"best-ai-code-assistants; github-copilot-vs-claude-code-part-1; github-copilot-vs-claude-code-part-2; github-copilot-vs-claude-code-part-6; github-copilot-vs-claude-code-part-8"
"best email",6,"best-ai-email-tools; best-ai-for-email-marketing-2026-part-2; best-ai-for-email-marketing-2026-part-5; best-ai-for-email-marketing-2026-part-6; best-ai-for-email-marketing-2026-part-8"
"best market",6,"best-ai-for-market-research-part-3; best-ai-for-market-research-part-4; best-ai-for-market-research-part-5; best-ai-for-market-research-part-6; best-ai-for-market-research-part-7"
"assistants part",6,"best-ai-scheduling-assistants-part-3; best-ai-scheduling-assistants-part-4; best-ai-scheduling-assistants-part-5; best-ai-scheduling-assistants-part-6; best-ai-scheduling-assistants-part-7"
"comparison part",6,"financial-ai-tools-comparison-part-1; financial-ai-tools-comparison-part-2; financial-ai-tools-comparison-part-4; financial-ai-tools-comparison-part-5; financial-ai-tools-comparison-part-6"
"automate with",6,"how-to-automate-with-zapier-ai-part-2; how-to-automate-with-zapier-ai-part-3; how-to-automate-with-zapier-ai-part-5; how-to-automate-with-zapier-ai-part-6; how-to-automate-with-zapier-ai-part-8"
"with zapier",6,"how-to-automate-with-zapier-ai-part-2; how-to-automate-with-zapier-ai-part-3; how-to-automate-with-zapier-ai-part-5; how-to-automate-with-zapier-ai-part-6; how-to-automate-with-zapier-ai-part-8"
"build agents",6,"how-to-build-ai-agents-2026-part-2; how-to-build-ai-agents-2026-part-3; how-to-build-ai-agents-2026-part-5; how-to-build-ai-agents-2026-part-7; how-to-build-ai-agents-2026-part-8"
"business part",6,"how-to-use-gpt-for-business-part-2; how-to-use-gpt-for-business-part-3; how-to-use-gpt-for-business-part-4; how-to-use-gpt-for-business-part-6; how-to-use-gpt-for-business-part-7"
"midjourney 2026",6,"how-to-use-midjourney-2026-part-4; how-to-use-midjourney-2026-part-5; how-to-use-midjourney-2026-part-6; how-to-use-midjourney-2026-part-7; how-to-use-midjourney-2026-part-8"
"analytics platforms",6,"top-ai-analytics-platforms-2026-part-1; top-ai-analytics-platforms-2026-part-2; top-ai-analytics-platforms-2026-part-3; top-ai-analytics-platforms-2026-part-5; top-ai-analytics-platforms-2026-part-6"
"platforms 2026",6,"top-ai-analytics-platforms-2026-part-1; top-ai-analytics-platforms-2026-part-2; top-ai-analytics-platforms-2026-part-3; top-ai-analytics-platforms-2026-part-5; top-ai-analytics-platforms-2026-part-6"
"solutions 2026",6,"top-ai-crm-solutions-2026-part-1; top-ai-crm-solutions-2026-part-2; top-ai-crm-solutions-2026-part-5; top-ai-crm-solutions-2026-part-6; top-ai-crm-solutions-2026-part-7"
"tools nonprofits",6,"top-ai-tools-for-nonprofits-part-2; top-ai-tools-for-nonprofits-part-3; top-ai-tools-for-nonprofits-part-4; top-ai-tools-for-nonprofits-part-6; top-ai-tools-for-nonprofits-part-7"
"transcription tools",6,"top-ai-transcription-tools-part-1; top-ai-transcription-tools-part-2; top-ai-transcription-tools-part-3; top-ai-transcription-tools-part-7; top-ai-transcription-tools-part-8"
"small business",5,"ai-customer-service-tools; ai-tools-cost-vs-hiring; automate-small-business-ai; best-ai-tools-small-business; notion-ai-review"
"tools developers",5,"ai-tools-for-developers-2026-part-2; ai-tools-for-developers-2026-part-3; ai-tools-for-developers-2026-part-5; ai-tools-for-developers-2026-part-7; ai-tools-for-developers-2026"
"developers 2026",5,"ai-tools-for-developers-2026-part-2; ai-tools-for-developers-2026-part-3; ai-tools-for-developers-2026-part-5; ai-tools-for-developers-2026-part-7; ai-tools-for-developers-2026"
"best content",5,"best-ai-for-content-writers-2026-part-4; best-ai-for-content-writers-2026-part-5; best-ai-for-content-writers-2026-part-6; best-ai-for-content-writers-2026-part-7; best-ai-for-content-writers-2026"
"content writers",5,"best-ai-for-content-writers-2026-part-4; best-ai-for-content-writers-2026-part-5; best-ai-for-content-writers-2026-part-6; best-ai-for-content-writers-2026-part-7; best-ai-for-content-writers-2026"
"writers 2026",5,"best-ai-for-content-writers-2026-part-4; best-ai-for-content-writers-2026-part-5; best-ai-for-content-writers-2026-part-6; best-ai-for-content-writers-2026-part-7; best-ai-for-content-writers-2026"
"customer support",5,"best-ai-for-customer-support-part-1; best-ai-for-customer-support-part-2; best-ai-for-customer-support-part-6; best-ai-for-customer-support-part-8; best-ai-for-customer-support"
"best e-learning",5,"best-ai-for-e-learning-2026-part-2; best-ai-for-e-learning-2026-part-3; best-ai-for-e-learning-2026-part-6; best-ai-for-e-learning-2026-part-8; best-ai-for-e-learning-2026"
"e-learning 2026",5,"best-ai-for-e-learning-2026-part-2; best-ai-for-e-learning-2026-part-3; best-ai-for-e-learning-2026-part-6; best-ai-for-e-learning-2026-part-8; best-ai-for-e-learning-2026"
"research part",5,"best-ai-for-market-research-part-3; best-ai-for-market-research-part-4; best-ai-for-market-research-part-5; best-ai-for-market-research-part-6; best-ai-for-market-research-part-7"
"best image",5,"best-ai-image-generators-2026-part-3; best-ai-image-generators-2026-part-5; best-ai-image-generators-2026-part-7; best-ai-image-generators-2026; midjourney-vs-dalle"
"editors 2026",5,"best-ai-photo-editors; best-ai-video-editors-2026-part-2; best-ai-video-editors-2026-part-4; best-ai-video-editors-2026-part-5; best-ai-video-editors-2026"
"best translation",5,"best-ai-translation-services-part-4; best-ai-translation-services-part-6; best-ai-translation-services-part-7; best-ai-translation-services-part-8; best-ai-translation-services"
"translation services",5,"best-ai-translation-services-part-4; best-ai-translation-services-part-6; best-ai-translation-services-part-7; best-ai-translation-services-part-8; best-ai-translation-services"
"best video",5,"best-ai-video-editors-2026-part-2; best-ai-video-editors-2026-part-4; best-ai-video-editors-2026-part-5; best-ai-video-editors-2026; best-ai-video-generators"
"management tools",5,"craft-vs-notion-knowledge-management-2026; top-ai-project-management-tools-part-5; top-ai-project-management-tools-part-6; top-ai-project-management-tools-part-8; top-ai-project-management-tools"
"zapier part",5,"how-to-automate-with-zapier-ai-part-2; how-to-automate-with-zapier-ai-part-3; how-to-automate-with-zapier-ai-part-5; how-to-automate-with-zapier-ai-part-6; how-to-automate-with-zapier-ai-part-8"
"maximize chatgpt",5,"how-to-maximize-chatgpt-2026-part-2; how-to-maximize-chatgpt-2026-part-3; how-to-maximize-chatgpt-2026-part-4; how-to-maximize-chatgpt-2026-part-6; how-to-maximize-chatgpt-2026"
"chatgpt 2026",5,"how-to-maximize-chatgpt-2026-part-2; how-to-maximize-chatgpt-2026-part-3; how-to-maximize-chatgpt-2026-part-4; how-to-maximize-chatgpt-2026-part-6; how-to-maximize-chatgpt-2026"
"claude data",5,"how-to-use-claude-for-data-analysis-part-5; how-to-use-claude-for-data-analysis-part-6; how-to-use-claude-for-data-analysis-part-7; how-to-use-claude-for-data-analysis; using-claude-data-analysis-2026"
"claude writing",5,"how-to-use-claude-for-writing-part-3; how-to-use-claude-for-writing-part-5; how-to-use-claude-for-writing-part-7; how-to-use-claude-for-writing-part-8; how-to-use-claude-for-writing"
"perplexity 2026",5,"how-to-use-perplexity-ai-2026-part-1; how-to-use-perplexity-ai-2026-part-4; how-to-use-perplexity-ai-2026-part-6; how-to-use-perplexity-ai-2026-part-8; how-to-use-perplexity-ai-2026"
"guide part",5,"marketing-ai-automation-guide-part-3; marketing-ai-automation-guide-part-4; marketing-ai-automation-guide-part-6; marketing-ai-automation-guide-part-7; marketing-ai-automation-guide-part-8"
"microsoft copilot",5,"notion-ai-vs-copilot; notion-ai-vs-microsoft-copilot-part-2; notion-ai-vs-microsoft-copilot-part-6; notion-ai-vs-microsoft-copilot-part-8; notion-ai-vs-microsoft-copilot"
"notion microsoft",5,"notion-ai-vs-copilot; notion-ai-vs-microsoft-copilot-part-2; notion-ai-vs-microsoft-copilot-part-6; notion-ai-vs-microsoft-copilot-part-8; notion-ai-vs-microsoft-copilot"
"tools entrepreneurs",5,"top-10-ai-tools-for-entrepreneurs-part-5; top-10-ai-tools-for-entrepreneurs-part-6; top-10-ai-tools-for-entrepreneurs-part-7; top-10-ai-tools-for-entrepreneurs-part-8; top-10-ai-tools-for-entrepreneurs"
"nonprofits part",5,"top-ai-tools-for-nonprofits-part-2; top-ai-tools-for-nonprofits-part-3; top-ai-tools-for-nonprofits-part-4; top-ai-tools-for-nonprofits-part-6; top-ai-tools-for-nonprofits-part-7"
"teachers 2026",4,"ai-tools-education-teachers-2026; ai-tools-for-teachers-2026-part-7; ai-tools-for-teachers-2026-part-8; ai-tools-for-teachers-2026"
"complete guide",4,"ai-tools-financial-advisors-2026; best-ai-for-fitness-coaches-2026; how-to-use-chatgpt-copywriting-2026; using-claude-data-analysis-2026"
"tools healthcare",4,"ai-tools-for-healthcare-2026-part-3; ai-tools-for-healthcare-2026-part-4; ai-tools-for-healthcare-2026-part-7; ai-tools-for-healthcare-2026"
"healthcare 2026",4,"ai-tools-for-healthcare-2026-part-3; ai-tools-for-healthcare-2026-part-4; ai-tools-for-healthcare-2026-part-7; ai-tools-for-healthcare-2026"
"2026 what",4,"ai-tools-for-solopreneurs; ai-tools-mistakes-to-avoid; ai-tools-pricing-guide; geo-vs-seo-2026"
"2026 tested",4,"ai-tools-freelancers; best-ai-tools-small-business; best-ai-video-generators; zapier-vs-make-vs-n8n-2026"
"support part",4,"best-ai-for-customer-support-part-1; best-ai-for-customer-support-part-2; best-ai-for-customer-support-part-6; best-ai-for-customer-support-part-8"
"image generators",4,"best-ai-image-generators-2026-part-3; best-ai-image-generators-2026-part-5; best-ai-image-generators-2026-part-7; best-ai-image-generators-2026"
"video editors",4,"best-ai-video-editors-2026-part-2; best-ai-video-editors-2026-part-4; best-ai-video-editors-2026-part-5; best-ai-video-editors-2026"
"best free",4,"best-free-ai-software-2026-part-3; best-free-ai-software-2026-part-4; best-free-ai-software-2026-part-7; best-free-ai-software-2026"
"free software",4,"best-free-ai-software-2026-part-3; best-free-ai-software-2026-part-4; best-free-ai-software-2026-part-7; best-free-ai-software-2026"
"software 2026",4,"best-free-ai-software-2026-part-3; best-free-ai-software-2026-part-4; best-free-ai-software-2026-part-7; best-free-ai-software-2026"
"claude gpt-5",4,"claude-vs-gpt-5-for-coding-2026-part-4; claude-vs-gpt-5-for-coding-2026-part-6; claude-vs-gpt-5-for-coding-2026-part-8; claude-vs-gpt-5-for-coding-2026"
"gpt-5 coding",4,"claude-vs-gpt-5-for-coding-2026-part-4; claude-vs-gpt-5-for-coding-2026-part-6; claude-vs-gpt-5-for-coding-2026-part-8; claude-vs-gpt-5-for-coding-2026"
"coding 2026",4,"claude-vs-gpt-5-for-coding-2026-part-4; claude-vs-gpt-5-for-coding-2026-part-6; claude-vs-gpt-5-for-coding-2026-part-8; claude-vs-gpt-5-for-coding-2026"
"code part",4,"github-copilot-vs-claude-code-part-1; github-copilot-vs-claude-code-part-2; github-copilot-vs-claude-code-part-6; github-copilot-vs-claude-code-part-8"
"writing part",4,"how-to-use-claude-for-writing-part-3; how-to-use-claude-for-writing-part-5; how-to-use-claude-for-writing-part-7; how-to-use-claude-for-writing-part-8"
"entrepreneurs part",4,"top-10-ai-tools-for-entrepreneurs-part-5; top-10-ai-tools-for-entrepreneurs-part-6; top-10-ai-tools-for-entrepreneurs-part-7; top-10-ai-tools-for-entrepreneurs-part-8"
"jasper copyai",3,"05-ai-content-creation-tools-comparison; ai-content-creation-tools; ai-writing-tools-2026"
"business 2026",3,"ai-customer-service-tools; ai-solopreneurs-2026; best-ai-tools-small-business"
"ai tools pricing",3,"ai-tools-for-solopreneurs; ai-tools-mistakes-to-avoid; ai-tools-pricing-guide"
"ai tools cost comparison",3,"ai-tools-for-solopreneurs; ai-tools-mistakes-to-avoid; ai-tools-pricing-guide"
"how much do ai tools cost",3,"ai-tools-for-solopreneurs; ai-tools-mistakes-to-avoid; ai-tools-pricing-guide"
"ai subscription prices",3,"ai-tools-for-solopreneurs; ai-tools-mistakes-to-avoid; ai-tools-pricing-guide"
"free vs paid ai tools",3,"ai-tools-for-solopreneurs; ai-tools-mistakes-to-avoid; ai-tools-pricing-guide"
"tools pricing",3,"ai-tools-for-solopreneurs; ai-tools-mistakes-to-avoid; ai-tools-pricing-guide"
"pricing guide",3,"ai-tools-for-solopreneurs; ai-tools-mistakes-to-avoid; ai-tools-pricing-guide"
"guide 2026",3,"ai-tools-for-solopreneurs; ai-tools-mistakes-to-avoid; ai-tools-pricing-guide"
"what everything",3,"ai-tools-for-solopreneurs; ai-tools-mistakes-to-avoid; ai-tools-pricing-guide"
"everything costs",3,"ai-tools-for-solopreneurs; ai-tools-mistakes-to-avoid; ai-tools-pricing-guide"
"tools teachers",3,"ai-tools-for-teachers-2026-part-7; ai-tools-for-teachers-2026-part-8; ai-tools-for-teachers-2026"
"ai video tools",3,"best-ai-tools-content-creators-2026; rephrase-vs-heygen-ai-avatars-2026; synthesia-vs-d-id-2026"
"analysis part",3,"how-to-use-claude-for-data-analysis-part-5; how-to-use-claude-for-data-analysis-part-6; how-to-use-claude-for-data-analysis-part-7"
"make automation",3,"how-to-use-make-for-automation-part-7; how-to-use-make-for-automation-part-8; how-to-use-make-for-automation"
"copilot part",3,"notion-ai-vs-microsoft-copilot-part-2; notion-ai-vs-microsoft-copilot-part-6; notion-ai-vs-microsoft-copilot-part-8"
"zapier automation",2,"04-zapier-ai-automation-guide; zapier-ai-automation-guide"
"hours week",2,"04-zapier-ai-automation-guide; save-time-ai-tools"
"copyai writesonic",2,"05-ai-content-creation-tools-comparison; ai-writing-tools-2026"
"tools small",2,"ai-customer-service-tools; best-ai-tools-small-business"
"firms 2026",2,"ai-tools-consulting-firms-2026; best-ai-tools-for-lawyers-2026"
"tested ranked",2,"ai-tools-freelancers; best-ai-video-generators"
"competitor analysis",2,"ai-tools-price-optimization-2026; using-ai-competitor-analysis-2026"
"salesforce einstein",2,"best-ai-crm-tools; hubspot-vs-salesforce-einstein-2026"
"best social",2,"best-ai-for-social-media-2026-part-7; best-ai-for-social-media-2026"
"media 2026",2,"best-ai-for-social-media-2026-part-7; best-ai-for-social-media-2026"
"gamma tome",2,"best-ai-presentation-tools; gamma-vs-tome-presentation-ai-2026"
"ai seo tools",2,"best-ai-seo-tools; best-ai-tools-seo-automation-2026"
"automation 2026",2,"best-ai-tools-seo-automation-2026; using-ai-email-marketing-automation-2026"
"ai productivity tools",2,"best-ai-tools-small-business; save-time-ai-tools"
"ai presentation tools",2,"gamma-vs-tome-presentation-ai-2026; slice-vs-pitch-presentation-builders-2026"
"presentation builders",2,"gamma-vs-tome-presentation-ai-2026; slice-vs-pitch-presentation-builders-2026"
"builders comparison",2,"gamma-vs-tome-presentation-ai-2026; slice-vs-pitch-presentation-builders-2026"
"writing tools",2,"grammarly-vs-quillbot; jasper-rytr-copy-ai-comparison-2026"
"chatgpt sales",2,"how-to-use-chatgpt-for-sales-2026-part-2; how-to-use-chatgpt-for-sales-2026"
"sales 2026",2,"how-to-use-chatgpt-for-sales-2026-part-2; how-to-use-chatgpt-for-sales-2026"
"automation part",2,"how-to-use-make-for-automation-part-7; how-to-use-make-for-automation-part-8"
"analysis 2026",2,"using-ai-competitor-analysis-2026; using-claude-data-analysis-2026"
"automation setup",1,"04-zapier-ai-automation-guide"
"setup that",1,"04-zapier-ai-automation-guide"
"that saves",1,"04-zapier-ai-automation-guide"
"saves hours",1,"04-zapier-ai-automation-guide"
"content tools",1,"05-ai-content-creation-tools-comparison"
"tools tested",1,"05-ai-content-creation-tools-comparison"
"tested months",1,"05-ai-content-creation-tools-comparison"
"months jasper",1,"05-ai-content-creation-tools-comparison"
"writesonic more",1,"05-ai-content-creation-tools-comparison"
"ai content creation tools",1,"ai-content-creation-tools"
"ai writing tools comparison",1,"ai-content-creation-tools"
"jasper vs chatgpt",1,"ai-content-creation-tools"
"best ai content writer",1,"ai-content-creation-tools"
"ai copywriting tools 2026",1,"ai-content-creation-tools"
"content generation ai",1,"ai-content-creation-tools"
"creation tools",1,"ai-content-creation-tools"
"tools compared",1,"ai-content-creation-tools"
"compared jasper",1,"ai-content-creation-tools"
"copyai chatgpt",1,"ai-content-creation-tools"
"ai customer service tools",1,"ai-customer-service-tools"
"ai support tools small business",1,"ai-customer-service-tools"
"ai chatbot customer service",1,"ai-customer-service-tools"
"automated customer support",1,"ai-customer-service-tools"
"best ai helpdesk",1,"ai-customer-service-tools"
"ai for customer experience",1,"ai-customer-service-tools"
"service tools",1,"ai-customer-service-tools"
"ai manufacturing",1,"ai-manufacturing-supply-chain-2026"
"supply chain ai",1,"ai-manufacturing-supply-chain-2026"
"predictive maintenance",1,"ai-manufacturing-supply-chain-2026"
"logistics optimization 2026",1,"ai-manufacturing-supply-chain-2026"
"manufacturing supply",1,"ai-manufacturing-supply-chain-2026"
"supply chain",1,"ai-manufacturing-supply-chain-2026"
"chain 2026",1,"ai-manufacturing-supply-chain-2026"
"ai marketing tools for beginners",1,"ai-marketing-tools-beginners"
"ai marketing tools 2026",1,"ai-marketing-tools-beginners"
"best ai marketing software",1,"ai-marketing-tools-beginners"
"ai for digital marketing",1,"ai-marketing-tools-beginners"
"marketing automation ai",1,"ai-marketing-tools-beginners"
"free ai marketing tools",1,"ai-marketing-tools-beginners"
"marketing tools",1,"ai-marketing-tools-beginners"
"tools beginners",1,"ai-marketing-tools-beginners"
"beginners start",1,"ai-marketing-tools-beginners"
"start growing",1,"ai-marketing-tools-beginners"
"growing today",1,"ai-marketing-tools-beginners"
"ai real estate marketing",1,"ai-real-estate-marketing-2026"
"property marketing tools",1,"ai-real-estate-marketing-2026"
"real estate lead generation 2026",1,"ai-real-estate-marketing-2026"
"estate marketing",1,"ai-real-estate-marketing-2026"
"ai restaurant tools",1,"ai-restaurants-food-service-2026"
"food service software",1,"ai-restaurants-food-service-2026"
"restaurant management ai",1,"ai-restaurants-food-service-2026"
"inventory automation 2026",1,"ai-restaurants-food-service-2026"
"restaurants food",1,"ai-restaurants-food-service-2026"
"food service",1,"ai-restaurants-food-service-2026"
"service 2026",1,"ai-restaurants-food-service-2026"
"ai tools for solopreneurs",1,"ai-solopreneurs-2026"
"ai tools solo business",1,"ai-solopreneurs-2026"
"run business alone with ai",1,"ai-solopreneurs-2026"
"solo founder tools",1,"ai-solopreneurs-2026"
"tools that",1,"ai-solopreneurs-2026"
"that solo",1,"ai-solopreneurs-2026"
"solo business",1,"ai-solopreneurs-2026"
"2026 team",1,"ai-solopreneurs-2026"
"team needed",1,"ai-solopreneurs-2026"
"ai accounting tools",1,"ai-tools-accountants-2026"
"tax software ai",1,"ai-tools-accountants-2026"
"bookkeeping automation",1,"ai-tools-accountants-2026"
"financial reporting 2026",1,"ai-tools-accountants-2026"
"tools accountants",1,"ai-tools-accountants-2026"
"accountants 2026",1,"ai-tools-accountants-2026"
"ai brand strategy",1,"ai-tools-brand-strategy-2026"
"brand positioning",1,"ai-tools-brand-strategy-2026"
"messaging ai 2026",1,"ai-tools-brand-strategy-2026"
"brand consistency",1,"ai-tools-brand-strategy-2026"
"tools brand",1,"ai-tools-brand-strategy-2026"
"brand strategy",1,"ai-tools-brand-strategy-2026"
"strategy 2026",1,"ai-tools-brand-strategy-2026"
"no-code website builders",1,"ai-tools-build-websites-without-code-2026"
"ai website builders",1,"ai-tools-build-websites-without-code-2026"
"website ai 2026",1,"ai-tools-build-websites-without-code-2026"
"no-code tools",1,"ai-tools-build-websites-without-code-2026"
"tools building",1,"ai-tools-build-websites-without-code-2026"
"building websites",1,"ai-tools-build-websites-without-code-2026"
"websites without",1,"ai-tools-build-websites-without-code-2026"
"without code",1,"ai-tools-build-websites-without-code-2026"
"code 2026",1,"ai-tools-build-websites-without-code-2026"
"ai consulting tools",1,"ai-tools-consulting-firms-2026"
"business consulting software",1,"ai-tools-consulting-firms-2026"
"project management ai",1,"ai-tools-consulting-firms-2026"
"management consulting 2026",1,"ai-tools-consulting-firms-2026"
"tools consulting",1,"ai-tools-consulting-firms-2026"
"consulting firms",1,"ai-tools-consulting-firms-2026"
"ai tools vs hiring",1,"ai-tools-cost-vs-hiring"
"ai vs employees cost",1,"ai-tools-cost-vs-hiring"
"ai tools roi",1,"ai-tools-cost-vs-hiring"
"should i use ai or hire",1,"ai-tools-cost-vs-hiring"
"ai cost savings business",1,"ai-tools-cost-vs-hiring"
"replacing employees with ai",1,"ai-tools-cost-vs-hiring"
"tools hiring",1,"ai-tools-cost-vs-hiring"
"hiring real",1,"ai-tools-cost-vs-hiring"
"real cost",1,"ai-tools-cost-vs-hiring"
"cost comparison",1,"ai-tools-cost-vs-hiring"
"comparison small",1,"ai-tools-cost-vs-hiring"
"ai customer retention",1,"ai-tools-customer-retention-2026"
"churn prediction",1,"ai-tools-customer-retention-2026"
"customer success ai 2026",1,"ai-tools-customer-retention-2026"
"tools customer",1,"ai-tools-customer-retention-2026"
"customer retention",1,"ai-tools-customer-retention-2026"
"retention 2026",1,"ai-tools-customer-retention-2026"
"e-commerce ai",1,"ai-tools-ecommerce"
"personalization",1,"ai-tools-ecommerce"
"conversion rate",1,"ai-tools-ecommerce"
"product recommendation",1,"ai-tools-ecommerce"
"tools e-commerce",1,"ai-tools-ecommerce"
"2026 conversion",1,"ai-tools-ecommerce"
"conversion personalization",1,"ai-tools-ecommerce"
"ai tools teachers",1,"ai-tools-education-teachers-2026"
"education ai",1,"ai-tools-education-teachers-2026"
"learning management system",1,"ai-tools-education-teachers-2026"
"student engagement ai 2026",1,"ai-tools-education-teachers-2026"
"tools education",1,"ai-tools-education-teachers-2026"
"education teachers",1,"ai-tools-education-teachers-2026"
"ai event planning tools",1,"ai-tools-event-planners-2026"
"event management software",1,"ai-tools-event-planners-2026"
"event coordination ai 2026",1,"ai-tools-event-planners-2026"
"tools event",1,"ai-tools-event-planners-2026"
"event planners",1,"ai-tools-event-planners-2026"
"planners 2026",1,"ai-tools-event-planners-2026"
"ai tools financial advisors",1,"ai-tools-financial-advisors-2026"
"wealth management tools",1,"ai-tools-financial-advisors-2026"
"financial analysis ai",1,"ai-tools-financial-advisors-2026"
"advisor software 2026",1,"ai-tools-financial-advisors-2026"
"tools financial",1,"ai-tools-financial-advisors-2026"
"financial advisors",1,"ai-tools-financial-advisors-2026"
"advisors 2026",1,"ai-tools-financial-advisors-2026"
"ai tools freelancers",1,"ai-tools-freelancers"
"productivity automation",1,"ai-tools-freelancers"
"freelance software",1,"ai-tools-freelancers"
"tools freelancers",1,"ai-tools-freelancers"
"freelancers 2026",1,"ai-tools-freelancers"
"ai tools insurance",1,"ai-tools-insurance-companies-2026"
"underwriting ai",1,"ai-tools-insurance-companies-2026"
"claims automation",1,"ai-tools-insurance-companies-2026"
"insurance software 2026",1,"ai-tools-insurance-companies-2026"
"insurance technology",1,"ai-tools-insurance-companies-2026"
"tools insurance",1,"ai-tools-insurance-companies-2026"
"insurance companies",1,"ai-tools-insurance-companies-2026"
"companies 2026",1,"ai-tools-insurance-companies-2026"
"marketing ai tools",1,"ai-tools-marketing-teams"
"content automation",1,"ai-tools-marketing-teams"
"tools marketing",1,"ai-tools-marketing-teams"
"marketing teams",1,"ai-tools-marketing-teams"
"ai tools mistakes",1,"ai-tools-mistakes"
"wasting money on ai tools",1,"ai-tools-mistakes"
"ai tool mistakes to avoid",1,"ai-tools-mistakes"
"common ai mistakes business",1,"ai-tools-mistakes"
"ai tools not working",1,"ai-tools-mistakes"
"ai tool mistakes",1,"ai-tools-mistakes"
"tool mistakes",1,"ai-tools-mistakes"
"mistakes that",1,"ai-tools-mistakes"
"that waste",1,"ai-tools-mistakes"
"waste money",1,"ai-tools-mistakes"
"ai pricing tools",1,"ai-tools-price-optimization-2026"
"dynamic pricing",1,"ai-tools-price-optimization-2026"
"price optimization 2026",1,"ai-tools-price-optimization-2026"
"tools price",1,"ai-tools-price-optimization-2026"
"price optimization",1,"ai-tools-price-optimization-2026"
"optimization 2026",1,"ai-tools-price-optimization-2026"
"ai tools real estate agents",1,"ai-tools-real-estate-agents-2026"
"real estate software",1,"ai-tools-real-estate-agents-2026"
"lead generation ai",1,"ai-tools-real-estate-agents-2026"
"real estate crm 2026",1,"ai-tools-real-estate-agents-2026"
"estate agents",1,"ai-tools-real-estate-agents-2026"
"complete playbook",1,"ai-tools-real-estate-agents-2026"
"ai roi",1,"ai-tools-roi-enterprises-2026"
"enterprise ai",1,"ai-tools-roi-enterprises-2026"
"productivity gains 2026",1,"ai-tools-roi-enterprises-2026"
"ai cost savings",1,"ai-tools-roi-enterprises-2026"
"business impact ai",1,"ai-tools-roi-enterprises-2026"
"tools what",1,"ai-tools-roi-enterprises-2026"
"what enterprises",1,"ai-tools-roi-enterprises-2026"
"enterprises seeing",1,"ai-tools-roi-enterprises-2026"
"seeing 2026",1,"ai-tools-roi-enterprises-2026"
"ai video editing",1,"ai-video-editing-without-skills-2026"
"video editor ai",1,"ai-video-editing-without-skills-2026"
"no-skills video editing 2026",1,"ai-video-editing-without-skills-2026"
"auto video editing",1,"ai-video-editing-without-skills-2026"
"video editing",1,"ai-video-editing-without-skills-2026"
"editing without",1,"ai-video-editing-without-skills-2026"
"without skills",1,"ai-video-editing-without-skills-2026"
"skills 2026",1,"ai-video-editing-without-skills-2026"
"ai voice generator",1,"ai-voice-generators"
"text-to-speech",1,"ai-voice-generators"
"elevenlabs",1,"ai-voice-generators"
"murf",1,"ai-voice-generators"
"2026 elevenlabs",1,"ai-voice-generators"
"elevenlabs murf",1,"ai-voice-generators"
"murf descript",1,"ai-voice-generators"
"jasper vs copy.ai 2026",1,"ai-writing-tools-2026"
"best ai writing tool",1,"ai-writing-tools-2026"
"ai copywriting tools comparison",1,"ai-writing-tools-2026"
"ai writing software",1,"ai-writing-tools-2026"
"writesonic 2026",1,"ai-writing-tools-2026"
"which writer",1,"ai-writing-tools-2026"
"writer actually",1,"ai-writing-tools-2026"
"actually works",1,"ai-writing-tools-2026"
"airtable",1,"airtable-vs-monday"
"monday.com",1,"airtable-vs-monday"
"database",1,"airtable-vs-monday"
"airtable mondaycom",1,"airtable-vs-monday"
"mondaycom 2026",1,"airtable-vs-monday"
"which work",1,"airtable-vs-monday"
"work wins",1,"airtable-vs-monday"
"automate small business with ai",1,"automate-small-business-ai"
"ai automation small business",1,"automate-small-business-ai"
"business automation tools",1,"automate-small-business-ai"
"how to use ai for business",1,"automate-small-business-ai"
"ai workflow automation",1,"automate-small-business-ai"
"save time with ai",1,"automate-small-business-ai"
"automate your",1,"automate-small-business-ai"
"your small",1,"automate-small-business-ai"
"business with",1,"automate-small-business-ai"
"with step-by-step",1,"automate-small-business-ai"
"cursor",1,"best-ai-code-assistants"
"ai code assistant",1,"best-ai-code-assistants"
"best code",1,"best-ai-code-assistants"
"code assistants",1,"best-ai-code-assistants"
"assistants 2026",1,"best-ai-code-assistants"
"2026 github",1,"best-ai-code-assistants"
"code cursor",1,"best-ai-code-assistants"
"ai crm",1,"best-ai-crm-tools"
"salesforce",1,"best-ai-crm-tools"
"hubspot",1,"best-ai-crm-tools"
"pipedrive",1,"best-ai-crm-tools"
"2026 salesforce",1,"best-ai-crm-tools"
"einstein hubspot",1,"best-ai-crm-tools"
"hubspot pipedrive",1,"best-ai-crm-tools"
"ai email",1,"best-ai-email-tools"
"email productivity",1,"best-ai-email-tools"
"superhuman",1,"best-ai-email-tools"
"gmail ai",1,"best-ai-email-tools"
"email tools",1,"best-ai-email-tools"
"2026 superhuman",1,"best-ai-email-tools"
"superhuman gmail",1,"best-ai-email-tools"
"gmail outlook",1,"best-ai-email-tools"
"outlook copilot",1,"best-ai-email-tools"
"ai fashion retail",1,"best-ai-fashion-retail-2026"
"personalization ai",1,"best-ai-fashion-retail-2026"
"inventory management",1,"best-ai-fashion-retail-2026"
"e-commerce ai 2026",1,"best-ai-fashion-retail-2026"
"best fashion",1,"best-ai-fashion-retail-2026"
"fashion retail",1,"best-ai-fashion-retail-2026"
"retail 2026",1,"best-ai-fashion-retail-2026"
"ai tools fitness coaches",1,"best-ai-for-fitness-coaches-2026"
"personal training software",1,"best-ai-for-fitness-coaches-2026"
"ai fitness trainer",1,"best-ai-for-fitness-coaches-2026"
"gym management ai 2026",1,"best-ai-for-fitness-coaches-2026"
"coaches 2026",1,"best-ai-for-fitness-coaches-2026"
"ai nonprofit tools",1,"best-ai-nonprofit-organizations-2026"
"donor management ai",1,"best-ai-nonprofit-organizations-2026"
"fundraising automation",1,"best-ai-nonprofit-organizations-2026"
"nonprofit software 2026",1,"best-ai-nonprofit-organizations-2026"
"best non-profit",1,"best-ai-nonprofit-organizations-2026"
"non-profit organizations",1,"best-ai-nonprofit-organizations-2026"
"organizations 2026",1,"best-ai-nonprofit-organizations-2026"
"ai personal branding",1,"best-ai-personal-branding-2026"
"personal brand tools",1,"best-ai-personal-branding-2026"
"ai content creation 2026",1,"best-ai-personal-branding-2026"
"best personal",1,"best-ai-personal-branding-2026"
"personal branding",1,"best-ai-personal-branding-2026"
"branding 2026",1,"best-ai-personal-branding-2026"
"ai photo editor",1,"best-ai-photo-editors"
"image editing",1,"best-ai-photo-editors"
"photoshop",1,"best-ai-photo-editors"
"canva",1,"best-ai-photo-editors"
"luminar",1,"best-ai-photo-editors"
"best photo",1,"best-ai-photo-editors"
"photo editors",1,"best-ai-photo-editors"
"2026 photoshop",1,"best-ai-photo-editors"
"photoshop canva",1,"best-ai-photo-editors"
"canva luminar",1,"best-ai-photo-editors"
"ai photography tools",1,"best-ai-photographers-2026"
"photo editing ai",1,"best-ai-photographers-2026"
"photography software 2026",1,"best-ai-photographers-2026"
"photo management",1,"best-ai-photographers-2026"
"best photographers",1,"best-ai-photographers-2026"
"ai presentation",1,"best-ai-presentation-tools"
"gamma",1,"best-ai-presentation-tools"
"tome",1,"best-ai-presentation-tools"
"beautiful.ai",1,"best-ai-presentation-tools"
"slide generator",1,"best-ai-presentation-tools"
"best presentation",1,"best-ai-presentation-tools"
"presentation tools",1,"best-ai-presentation-tools"
"2026 gamma",1,"best-ai-presentation-tools"
